Product_ID,Advertisement_Type,Graphic_Investment,Banners_Investment,Posters_Investment,Radio_Investment,TV_Investment,Newspaper_Investment,Facebook_Investment,Instagram_Investment,YouTube_Investment,Twitter_Investment,LinkedIn_Investment,Pinterest_Investment,Reddit_Investment,Snapchat_Investment,WhatsApp_Investment,Sales_Revenue,Target_Audience,Region,Competition_Level,Target_Age_Group,Total_Investment,Profit
P1,Graphic,4174,4507,1860,2294,2130,2095,4772,4092,2638,3169,1466,2238,1330,2482,3135,48559,Women,West,High,45+,42382,6177
P2,Pinterest,4444,4171,3919,4735,1130,2685,4380,1769,3391,2515,4485,3853,3433,2215,1955,36309,Men,West,High,36-45,49080,-12771
P3,Pinterest,3324,2184,1459,4385,1021,3300,1747,3904,,1474,2082,3558,4753,3047,4547,31919,Men,South,Medium,36-45,40785,-8866
P4,Snapchat,3747,1975,2806,1189,4005,3734,,1562,2899,4638,2267,3879,2528,4202,4556,14931,Women,East,High,26-35,43987,-29056
P5,Reddit,,1646,3068,3888,3214,2297,3435,1600,3363,3061,1241,3041,3824,4417,3612,42970,Men,West,Low,18-25,41707,1263
P6,Snapchat,3945,2363,3139,2390,4003,2478,4499,3556,1775,1034,3253,4152,2955,2585,4943,22688,Women,South,Low,26-35,47070,-24382
P7,TV,4459,4073,2021,4461,3613,2129,4843,4893,2500,1702,3449,3777,2579,1161,1201,,Men,North,High,18-25,46861,-46861
P8,Newspaper,2981,1995,,4934,1815,4342,1455,4533,4798,2275,2016,4773,3343,4796,3767,,Men,East,High,45+,47823,-47823
P9,Newspaper,4820,1337,1878,2076,1791,4993,3264,1763,3235,1379,1492,4112,2180,3062,4884,12327,Both,North,Low,36-45,42266,-29939
P10,Pinterest,1064,4928,4910,3568,2367,2152,38020,3695,2495,4134,2162,2522,3640,1391,2698,10197,Both,North,Low,45+,79746,-69549
P11,YouTube,1418,3336,1378,2796,4561,3278,4065,3088,4099,3182,1200,2863,1779,3977,4104,33509,Men,South,Medium,18-25,45124,-11615
P12,TV,4119,1502,3454,4645,2751,1804,3146,3731,2895,3773,2570,1960,4810,3660,2485,44698,Men,West,Low,18-25,47305,-2607
P13,Instagram,3690,4840,2028,4289,1502,3814,1397,1870,3842,1392,1206,2038,2881,4625,3939,25087,Both,South,Medium,45+,43353,-18266
P14,Reddit,,4762,4646,1863,3790,4312,1563,2020,1095,2923,2757,3532,4478,3278,3796,32671,Both,South,Medium,18-25,44815,-12144
P15,Graphic,2678,4242,1540,2059,3572,2183,4910,2722,4314,4157,2819,3625,3729,3604,2597,35184,Both,South,Medium,45+,48751,-13567
P16,Snapchat,4060,3693,1795,2051,2643,4627,2363,4869,2981,2354,2663,2529,3038,4419,2496,968430,Women,South,Medium,36-45,46581,921849
P17,TV,4302,3237,4296,2408,2400,2306,3680,3675,1972,2768,2282,4430,1709,2479,2434,30666,Men,East,Medium,45+,44378,-13712
P18,WhatsApp,1648,1317,67360,4296,4890,2257,1683,1663,2998,4898,4445,4743,2631,2495,4304,,Both,West,High,36-45,111628,-111628
P19,Posters,,2136,2853,,3489,1563,2291,4581,4878,4457,4458,4184,2636,4696,3999,36370,Men,North,Low,45+,46221,-9851
P20,Pinterest,4152,1698,3160,1001,1641,3267,2589,,2759,4296,3432,4474,2661,2153,2076,12811,Women,North,Medium,18-25,39359,-26548